lineage1	3920109	G/T
lineage1	3597682	C/T
lineage1	1590555	C/T
lineage2	1834177	A/C
lineage2	3304966	G/A
lineage2	2711722	T/G
lineage3	 301341	C/A
lineage3	4266647	A/G
lineage3	 157129	C/T
lineage4	3326554	C/A
lineage4	2154724	A/C
lineage4	 648856	C/T
lineage5	1377185	C/G
lineage5	 801959	C/T
lineage5	2859147	C/T
lineage6	2427828	G/C
lineage6	 378404	G/A
lineage6	4269522	G/A
lineage7	  14806	T/C
lineage7	1663221	T/G
lineage7	 497126	G/A
lineage_animal	3480645	T/G
lineage_animal	1427476	C/T
lineage_animal	3624593	C/T
